{"initial_reset_timestamp": 1582223240.4571283, "timestamps": [1582223383.0870433, 1582223545.0481043, 1582223773.8493745, 1582223934.596039, 1582224105.5490644, 1582224259.5558243, 1582224473.1853435, 1582224710.0802941, 1582224852.013522, 1582225018.997469, 1582225136.513512, 1582225290.6397629, 1582225448.1211717, 1582225588.5562103, 1582225743.4030957, 1582225898.4133184, 1582226026.9382832, 1582226206.5493124, 1582226369.2090673, 1582226546.24765], "episode_lengths": [2230, 2562, 3585, 2515, 2739, 2484, 3418, 3747, 2249, 2588, 1849, 2466, 2504, 2237, 2457, 2441, 2039, 2828, 2593, 2772], "episode_rewards": [4010.0, 5780.0, 8310.0, 6580.0, 4760.0, 7650.0, 9020.0, 13240.0, 5800.0, 5210.0, 5600.0, 4800.0, 4290.0, 3020.0, 5660.0, 4520.0, 2800.0, 5780.0, 5740.0, 8810.0], "episode_types": ["t", "t", "t", "t", "t", "t", "t", "t", "t", "t", "t", "t", "t", "t", "t", "t", "t", "t", "t", "t", "t"]}